eta,steps,mse,avg_time
0.0,20,2.6990630626678467,1.541005837991371
0.0,30,2.642838478088379,2.290922218227979
0.0,50,2.581705093383789,3.8178349503819247
0.0,100,2.5441083908081055,7.633849573431548
0.0,150,2.520568609237671,11.452578857078315
0.0,200,2.5028040409088135,15.23800832292308
